note_id,type,title,desc,video_url,time,last_update_time,user_id,nickname,avatar,liked_count,collected_count,comment_count,share_count,ip_location,image_list,tag_list,last_modify_ts,note_url,source_keyword,xsec_token
68a371f1000000001d0180bf,video,奥特曼15弹积木人，七彩艾克斯混合装甲,奥特曼15弹积木人，七彩艾克斯混合装甲，神秘四奥诺亚全形态#玩具[话题]# #奥特曼[话题]# #积木人[话题]# #积木[话题]##布鲁可奥特曼[话题]#,http://sns-video-bd.xhscdn.com/spectrum/1040g2f031lb9k14al2005ogdtmhoc61id4dj0ko,1755732660000,1756454451000,620deda30000000021021832,爱玩具的大成,https://sns-avatar-qc.xhscdn.com/avatar/1040g2jo31l5tn5ur4q005ogdtmhoc61iucb699o,1万,7556,292,182,,http://sns-webpic-qc.xhscdn.com/202512142107/31209c960a749e19002f485a3c6583fb/spectrum/1040g0k031lb9s26mkq005ogdtmhoc61i6g72eqo!nd_dft_wlteh_webp_3,"玩具,奥特曼,积木人,积木,布鲁可奥特曼",1765717674595,https://www.xiaohongshu.com/explore/68a371f1000000001d0180bf?xsec_token=ABXAkJMtev-_-gcCDCeve-_s5kvvlTpEKkEIm3e_eGt5Y=&xsec_source=pc_search,布鲁可,ABXAkJMtev-_-gcCDCeve-_s5kvvlTpEKkEIm3e_eGt5Y=
68e28321000000000703946c,video,变形金刚星辰5弹积木人，装甲隐藏天火,变形金刚星辰5弹积木人，装甲隐藏天火，水晶擎天柱大战惊破天#玩具[话题]# #变形金刚[话题]# #积木[话题]##布鲁可变形金刚[话题]#,http://sns-video-bd.xhscdn.com/spectrum/1040g35031n8smvinks0g5ogdtmhoc61is68kstg,1759802616000,1760420210000,620deda30000000021021832,爱玩具的大成,https://sns-avatar-qc.xhscdn.com/avatar/1040g2jo31l5tn5ur4q005ogdtmhoc61iucb699o,9213,7257,270,131,,http://sns-webpic-qc.xhscdn.com/202512142107/e63e0983515062d3a56a058ca41b7fb1/spectrum/1040g34o31n8sn5jg4q005ogdtmhoc61iktv9g30!nd_dft_wlteh_webp_3,"玩具,变形金刚,积木,布鲁可变形金刚",1765717674599,https://www.xiaohongshu.com/explore/68e28321000000000703946c?xsec_token=ABOnFud3mOQMx9MNXcYa6-LnxAqgrWdB1yzVCH55Cg2rE=&xsec_source=pc_search,布鲁可,ABOnFud3mOQMx9MNXcYa6-LnxAqgrWdB1yzVCH55Cg2rE=
678b8dd3000000001602cb94,video,国外版布鲁可奥特曼群星1弹！秒中黄金迪迦,国外捡漏绝版布鲁可奥特曼，大隐藏黄金迪迦和黄金特利迦，直接凑齐！﻿#布鲁可积木人[话题]#﻿ ﻿#布鲁可奥特曼[话题]#﻿ ﻿#大人也要玩玩具[话题]#﻿ ﻿#我的玩具分享[话题]#﻿ ﻿#布鲁可BFC[话题]#﻿,http://sns-video-bd.xhscdn.com/spectrum/1040g35831cpuc0hl080g5noo81v0907f42r7mu0,1737199059000,1737199060000,5f18407e00000000010080ef,鹿子也的玩具屋,https://sns-avatar-qc.xhscdn.com/avatar/5f18407e00000000010080ef.jpg,6303,4256,178,93,,http://sns-webpic-qc.xhscdn.com/202512142107/1db48765cede4a4011c3ed0aa36cc76b/spectrum/1040g34o31cpv7s9a0e0g5noo81v0907fmtigerg!nd_dft_wlteh_webp_3,"布鲁可积木人,布鲁可奥特曼,大人也要玩玩具,我的玩具分享,布鲁可BFC",1765717674601,https://www.xiaohongshu.com/explore/678b8dd3000000001602cb94?xsec_token=ABlXaUrBCzHdVGT7ReNSOdh48GcBRTqvywEHEJzdxZ6U8=&xsec_source=pc_search,布鲁可,ABlXaUrBCzHdVGT7ReNSOdh48GcBRTqvywEHEJzdxZ6U8=
68662b910000000010024aa5,video,奥美迦奥特曼拍摄场地，赛罗迪迦打怪兽,奥美迦奥特曼拍摄场地，赛罗迪迦打怪兽，奥特曼60周年主题展﻿#玩具[话题]#﻿ ﻿#奥特曼[话题]#﻿ #布鲁可积木人[话题]#,http://sns-video-bd.xhscdn.com/spectrum/1040g2f031jfeu16136005ogdtmhoc61iuigek48,1751526289000,1752739297000,620deda30000000021021832,爱玩具的大成,https://sns-avatar-qc.xhscdn.com/avatar/1040g2jo31l5tn5ur4q005ogdtmhoc61iucb699o,6275,4639,81,127,,http://sns-webpic-qc.xhscdn.com/202512142107/821f02e55259fa94c8914d1183b1a4fa/spectrum/1040g34o31jff1o8t2g0g5ogdtmhoc61ifjp7sgo!nd_dft_wlteh_webp_3,"玩具,奥特曼,布鲁可积木人",1765717674602,https://www.xiaohongshu.com/explore/68662b910000000010024aa5?xsec_token=AB7MCxLUghGEQzOdQDJPsJzm-xsdY6JseFdHM2UDWmAvw=&xsec_source=pc_search,布鲁可,AB7MCxLUghGEQzOdQDJPsJzm-xsdY6JseFdHM2UDWmAvw=
66341afa000000001e031b67,video,布鲁可光辉延续六一礼盒，绝版迪迦奥特曼,布鲁可光辉延续六一礼盒，绝版迪迦奥特曼，平成三杰围攻怪兽 #玩具[话题]#  #布鲁可奥特曼[话题]#  #布鲁可积木人[话题]#,http://sns-video-bd.xhscdn.com/spectrum/1040g358312aift9h5i005ogdtmhoc61i2n8o2t0,1714690810000,1714690810000,620deda30000000021021832,爱玩具的大成,https://sns-avatar-qc.xhscdn.com/avatar/1040g2jo31l5tn5ur4q005ogdtmhoc61iucb699o,5823,4402,67,66,,http://sns-webpic-qc.xhscdn.com/202512142107/4f7003f7ba2b3656d26b4f8362ba1e14/spectrum/1040g34o312aih52f5i005ogdtmhoc61i24pknc0!nd_dft_wgth_webp_3,"玩具,布鲁可奥特曼,布鲁可积木人",1765717674604,https://www.xiaohongshu.com/explore/66341afa000000001e031b67?xsec_token=ABBPQqKAtKaJACTDLGU2phHMKzve8J3dqy_mYcwEO3AEc=&xsec_source=pc_search,布鲁可,ABBPQqKAtKaJACTDLGU2phHMKzve8J3dqy_mYcwEO3AEc=
65dee7c40000000004003774,video,布鲁可变形金刚第3弹，大黄蜂联合擎天柱,布鲁可变形金刚第3弹，大黄蜂联合白色擎天柱，对决大反派声波 #玩具[话题]#  #布鲁可积木人[话题]#  #布鲁可变形金刚[话题]#,http://sns-video-bd.xhscdn.com/spectrum/1040g0jg30vnbvv3d5s005ogdtmhoc61ibqte44o,1709107140000,1709107141000,620deda30000000021021832,爱玩具的大成,https://sns-avatar-qc.xhscdn.com/avatar/1040g2jo31l5tn5ur4q005ogdtmhoc61iucb699o,5576,3920,62,48,,http://sns-webpic-qc.xhscdn.com/202512142107/a17a9b219a5ae28dbb5c8ddd7d3a843e/spectrum/1040g34o30vnc0g7864e05ogdtmhoc61i6qikt68!nd_dft_wgth_webp_3,"玩具,布鲁可积木人,布鲁可变形金刚",1765717674605,https://www.xiaohongshu.com/explore/65dee7c40000000004003774?xsec_token=ABz10p6bpSK7SLZJcMlp95GSJ3jcoEFZQFRS0PqFezmOY=&xsec_source=pc_search,布鲁可,ABz10p6bpSK7SLZJcMlp95GSJ3jcoEFZQFRS0PqFezmOY=
6792f7e2000000002903e0a8,video,冰火高斯奥特曼,﻿#IP大作战[话题]#﻿ ﻿#布鲁可积木人[话题]#﻿ ﻿#布鲁可BFC[话题]#﻿ ﻿#高斯奥特曼[话题]#﻿ ﻿#奥特曼[话题]#﻿,http://sns-video-bd.xhscdn.com/spectrum/1040g35831d16pnkfge105o2hc6ugbh85nvvre70,1737684962000,1737684963000,605161bd000000000101c505,长不大的刘大帅,https://sns-avatar-qc.xhscdn.com/avatar/1040g2jo3184mqd5qkc005o2hc6ugbh85n6jfto8,5285,3665,212,48,,http://sns-webpic-qc.xhscdn.com/202512142107/2223db555449189b275a090891c65adb/spectrum/1040g0k031d16v7u10e005o2hc6ugbh85slan2j8!nd_dft_wlteh_webp_3,"IP大作战,布鲁可积木人,布鲁可BFC,高斯奥特曼,奥特曼",1765717674607,https://www.xiaohongshu.com/explore/6792f7e2000000002903e0a8?xsec_token=ABun6rNJOfJKqKHB05cQPsWuKRV06_2mLjXxe5PZoz5IM=&xsec_source=pc_search,布鲁可,ABun6rNJOfJKqKHB05cQPsWuKRV06_2mLjXxe5PZoz5IM=
68a59450000000001c01175f,video,新品上新 | 奥特名鉴群星版第15弹,"交汇进化 无限可能！
	
布鲁可积木人 奥特名鉴群星版第15弹 交汇进化 今日上新
﻿#布鲁可积木人[话题]#﻿  ﻿#布鲁可奥特曼[话题]#﻿  ﻿#奥特曼[话题]#﻿",http://sns-video-bd.xhscdn.com/spectrum/1040g0jg31ldcfd7f502g5ncb10908kvh7if3sf0,1755738076000,1755681872000,5d8b081200000000010053f1,布鲁可积木人,https://sns-avatar-qc.xhscdn.com/avatar/c6dcbc42-b168-3e02-8e91-e1a76e496659,5217,2891,143,99,,http://sns-webpic-qc.xhscdn.com/202512142107/561dac0f6dca688cad87bb1385295c96/spectrum/1040g34o31ldcipf54s805ncb10908kvh3bp60m0!nd_dft_wgth_webp_3,"布鲁可积木人,布鲁可奥特曼,奥特曼",1765717674608,https://www.xiaohongshu.com/explore/68a59450000000001c01175f?xsec_token=ABJHpXRrsc-LoOS7XOsW4N5cqCzVLjBf02yLOSykMgL4g=&xsec_source=pc_search,布鲁可,ABJHpXRrsc-LoOS7XOsW4N5cqCzVLjBf02yLOSykMgL4g=
67a419850000000018006b7f,video,布鲁可补件补到了隐藏,布鲁可补件补到了隐藏 你们的布鲁可补件到了吗？#布鲁可[话题]# #布鲁可积木人[话题]# #我的玩具分享[话题]# #乔巴爸[话题]# #大人也要玩玩具[话题]#,http://sns-video-bd.xhscdn.com/1040g00g31dhub1lp0k005p9sgo30hjvoepdjtv8,1738807685000,1738807686000,653c8606000000000200cff8,乔巴妈,https://sns-avatar-qc.xhscdn.com/avatar/1040g2jo31fdltbr9mo005p9sgo30hjvodb2j1k8,5053,3267,65,27,,http://sns-webpic-qc.xhscdn.com/202512142107/65922c3133da55bb72ae8147349b5529/1040g2sg31dhub1lq0k705p9sgo30hjvotfu6blg!nd_dft_wlteh_webp_3,"布鲁可,布鲁可积木人,我的玩具分享,乔巴爸,大人也要玩玩具",1765717674609,https://www.xiaohongshu.com/explore/67a419850000000018006b7f?xsec_token=AB6zTymM4-UGIFnm16y1qUN_U-QD6mZKvsal_ecITlKtM=&xsec_source=pc_search,布鲁可,AB6zTymM4-UGIFnm16y1qUN_U-QD6mZKvsal_ecITlKtM=
68d42f0700000000130287d8,video,寻找错过的2个变形金刚，星球大战积木人,寻找错过的2个变形金刚，遇到星球大战积木人，达斯维达超越版#玩具[话题]# #星球大战[话题]# #变形金刚[话题]# #积木人[话题]##布鲁可星球大战[话题]#,http://sns-video-bd.xhscdn.com/spectrum/1040g2f031mqsu13c52005ogdtmhoc61i54b53d8,1758852093000,1759990481000,620deda30000000021021832,爱玩具的大成,https://sns-avatar-qc.xhscdn.com/avatar/1040g2jo31l5tn5ur4q005ogdtmhoc61iucb699o,4950,3662,91,56,,http://sns-webpic-qc.xhscdn.com/202512142107/6d931f6f5a8e58bd83848d2351663bb1/spectrum/1040g0k031mqsu5af4s005ogdtmhoc61i4fvug38!nd_dft_wlteh_webp_3,"玩具,星球大战,变形金刚,积木人,布鲁可星球大战",1765717674611,https://www.xiaohongshu.com/explore/68d42f0700000000130287d8?xsec_token=ABWPn6wayI7yC_1gNyqD23LjU6O4hEbXx5epziCmo-xJo=&xsec_source=pc_search,布鲁可,ABWPn6wayI7yC_1gNyqD23LjU6O4hEbXx5epziCmo-xJo=
6919f6750000000005030289,video,毒液积木人浑身缠满特效，蜘蛛侠背书包战斗,毒液积木人浑身缠满特效，蜘蛛侠背书包战斗，狂扁章鱼博士#玩具[话题]# #漫威[话题]# #布鲁可漫威[话题]#,http://sns-video-bd.xhscdn.com/spectrum/1040g35031ov14t1ch4105ogdtmhoc61iepedtdg,1763344861000,1764052112000,620deda30000000021021832,爱玩具的大成,https://sns-avatar-qc.xhscdn.com/avatar/1040g2jo31l5tn5ur4q005ogdtmhoc61iucb699o,3956,2939,59,56,山东,http://sns-webpic-qc.xhscdn.com/202512142107/8626e013cc675b38d6130081adfc66ce/spectrum/1040g34o31ov1i10t1u0g5ogdtmhoc61i68nma9o!nd_dft_wlteh_webp_3,"玩具,漫威,布鲁可漫威",1765717674613,https://www.xiaohongshu.com/explore/6919f6750000000005030289?xsec_token=AB4zRmntKIq2dO7f6qRc4zUGclDQjSz_V-gsxsJ-G72Z0=&xsec_source=pc_search,布鲁可,AB4zRmntKIq2dO7f6qRc4zUGclDQjSz_V-gsxsJ-G72Z0=
66285e340000000001031534,video,把捡到的布莱泽升级成闪耀形态打败假诺亚,真假诺亚！把捡到的布莱泽积木人升级成闪耀形态打败黑暗扎基 #潮流玩具[话题]#  #我的玩具分享[话题]#  #大人也要玩玩具[话题]#  #布鲁可奥特曼[话题]#  #布鲁可积木人[话题]#  #儿童玩具[话题]#  #奥特曼玩具[话题]#  #拼装玩具[话题]#,http://sns-video-bd.xhscdn.com/spectrum/1040g350311v3lilpj0005ncug4jg81o4m9umico,1713921588000,1713921589000,5d9e81270000000001000704,奥特曼玩具咔哥,https://sns-avatar-qc.xhscdn.com/avatar/6117638e667bdf8c05028262.jpg,3713,2434,65,47,,http://sns-webpic-qc.xhscdn.com/202512142107/fdfdfb02cbefeae2dc3280c104b2cade/spectrum/1040g0k0311v3np70is005ncug4jg81o4fpk23eg!nd_dft_wlteh_webp_3,"潮流玩具,我的玩具分享,大人也要玩玩具,布鲁可奥特曼,布鲁可积木人,儿童玩具,奥特曼玩具,拼装玩具",1765717674614,https://www.xiaohongshu.com/explore/66285e340000000001031534?xsec_token=ABk5ul4OmKgbJ4ZHlmXb3k8hQ-uXVmUEE2mnFznBSelvE=&xsec_source=pc_search,布鲁可,ABk5ul4OmKgbJ4ZHlmXb3k8hQ-uXVmUEE2mnFznBSelvE=
65878546000000003c013366,video,买2个哪吒法相，布鲁可英雄无限黄金积木,买2个哪吒法相积木，布鲁可英雄无限黄金积木，对比差别超级大 #玩具[话题]#  #英雄无限[话题]#  #英雄无限哪吒法相[话题]#,http://sns-video-bd.xhscdn.com/spectrum/1040g0jg30t21729bk0005ogdtmhoc61ij6qi0eo,1703380294000,1703380295000,620deda30000000021021832,爱玩具的大成,https://sns-avatar-qc.xhscdn.com/avatar/1040g2jo31l5tn5ur4q005ogdtmhoc61iucb699o,3522,2416,40,12,,http://sns-webpic-qc.xhscdn.com/202512142107/0334465931b35bf2d58c31ab4d28ab62/spectrum/1040g0k030t217u24k2005ogdtmhoc61il1hbrao!nd_dft_wgth_webp_3,"玩具,英雄无限,英雄无限哪吒法相",1765717674616,https://www.xiaohongshu.com/explore/65878546000000003c013366?xsec_token=ABTLHLR7SB5BuH-9jOCzYG_PU-BqoA-yTZNjGyPDIDoUs=&xsec_source=pc_search,布鲁可,ABTLHLR7SB5BuH-9jOCzYG_PU-BqoA-yTZNjGyPDIDoUs=
66d92bbc000000001e01ba2f,video,布鲁可奥特曼群星12弹！布莱泽法多兰盔甲,布鲁可奥特曼群星12弹！隐藏布莱泽法多兰盔甲VS自改，谁更酷？ #奥特曼玩具[话题]#  #布鲁可奥特曼[话题]#  #布鲁可积木人[话题]#  #潮流玩具[话题]#  #大人也要玩玩具[话题]#,http://sns-video-bd.xhscdn.com/spectrum/1040g2f0317bo03lsgq005ncug4jg81o4ikki3uo,1725588042000,1725508541000,5d9e81270000000001000704,奥特曼玩具咔哥,https://sns-avatar-qc.xhscdn.com/avatar/6117638e667bdf8c05028262.jpg,2837,2238,72,35,,http://sns-webpic-qc.xhscdn.com/202512142107/bbae548e32746ff1cdf96e912c8bef6f/spectrum/1040g0k0317boeeb1go005ncug4jg81o4l7g2cj0!nd_dft_wlteh_webp_3,"奥特曼玩具,布鲁可奥特曼,布鲁可积木人,潮流玩具,大人也要玩玩具",1765717674621,https://www.xiaohongshu.com/explore/66d92bbc000000001e01ba2f?xsec_token=ABg_hPKJv3Q7i2BzaKgFjCJEH4FZtF9gG1hTBhZqHl2TY=&xsec_source=pc_search,布鲁可,ABg_hPKJv3Q7i2BzaKgFjCJEH4FZtF9gG1hTBhZqHl2TY=
66446387000000001e0252f9,video,布鲁可六一礼盒限量版大组合来啦！,发光版的特利迦和经典迪迦我感觉这两个含金量最大了，特效件这款也是比较多的，感觉戴拿跟群星六弹的戴拿差不多，特利迦跟迪迦是精髓#布鲁可积木人[话题]# #迪迦奥特曼[话题]#,http://sns-video-bd.xhscdn.com/pre_post/1040g2t0312qf9eh5je5g5n7ae5f1b35lk2dkf4g,1715757959000,1716217437000,5cea715e0000000005018cb5,光之阿洋-潮玩谷屋,https://sns-avatar-qc.xhscdn.com/avatar/1040g2jo31bclfqsn7a6g5n7ae5f1b35lqq7r3ko,2815,3114,74,130,,http://sns-webpic-qc.xhscdn.com/202512142107/739d1e90767bd311f47cdf38fcff1f19/1040g008312qfcjhj3md05n7ae5f1b35ludg16u0!nd_dft_wlteh_webp_3,"布鲁可积木人,迪迦奥特曼",1765717674624,https://www.xiaohongshu.com/explore/66446387000000001e0252f9?xsec_token=ABPtNHASaSIdomv0gGWYItUpueX1D0plctfiMQi1EXiWk=&xsec_source=pc_search,布鲁可,ABPtNHASaSIdomv0gGWYItUpueX1D0plctfiMQi1EXiWk=
673562da000000001a01f526,video,跟朋友要了12盒布鲁可，竟然有擎天柱大金币,跟朋友要了12盒布鲁可，竟然有擎天柱大金币，横炮对战霸天虎 #玩具[话题]#  #布鲁可积木人[话题]#  #布鲁可变形金刚[话题]#  #布鲁可BFC[话题]#  #头号玩家[话题]#,http://sns-video-bd.xhscdn.com/spectrum/1040g35031a5qh3l3ni105ogdtmhoc61i7lpmfcg,1731551962000,1731551962000,620deda30000000021021832,爱玩具的大成,https://sns-avatar-qc.xhscdn.com/avatar/1040g2jo31l5tn5ur4q005ogdtmhoc61iucb699o,2771,2057,30,27,,http://sns-webpic-qc.xhscdn.com/202512142107/c7b4ec368ea4c55c8aa1700f4fb0e901/spectrum/1040g34o31a5qhu8t6o005ogdtmhoc61ivf3aj6g!nd_dft_wlteh_webp_3,"玩具,布鲁可积木人,布鲁可变形金刚,布鲁可BFC,头号玩家",1765717674628,https://www.xiaohongshu.com/explore/673562da000000001a01f526?xsec_token=ABp8Puvq2T7gD3OHVYbbUWIibMusrKXcGfUJusmj0gt3I=&xsec_source=pc_search,布鲁可,ABp8Puvq2T7gD3OHVYbbUWIibMusrKXcGfUJusmj0gt3I=
68f46937000000000300f703,video,【奥特曼定格动画】🌌联结的想象力🌠艾克斯再战格力扎！后辈之力的全新装甲！？#布鲁可积木人[话题]# #奥特曼[话题]# #特摄[话题]# #布鲁可bfc[话题]# #定格动画[话题]# #艾克斯奥特曼[话题]#,【奥特曼定格动画】🌌联结的想象力🌠艾克斯再战格力扎！后辈之力的全新装甲！？#布鲁可积木人[话题]# #奥特曼[话题]# #特摄[话题]# #布鲁可bfc[话题]# #定格动画[话题]# #艾克斯奥特曼[话题]#,http://sns-video-bd.xhscdn.com/pre_post/1040g2t031npmis6p06pg5nrki4sg8290pn55ckg,1760848183000,1760848184000,5f7491390000000001000920,SHIN-G,https://sns-avatar-qc.xhscdn.com/avatar/63f947e00f2a09658117566d.jpg,2598,1849,70,78,,http://sns-webpic-qc.xhscdn.com/202512142107/a52bf21af6107ac2e828c8bbc4e25e39/1040g00831npmipmulm6g5nrki4sg829006mc98g!nd_dft_wgth_webp_3,"布鲁可积木人,奥特曼,特摄,布鲁可bfc,定格动画,艾克斯奥特曼",1765717674647,https://www.xiaohongshu.com/explore/68f46937000000000300f703?xsec_token=ABh0-TJd-yHFjV0fgEt3Cftak67iypHgAABrlu7uz4FoE=&xsec_source=pc_search,布鲁可,ABh0-TJd-yHFjV0fgEt3Cftak67iypHgAABrlu7uz4FoE=
6935509f000000001e011ffb,video,搭明日香的真希波买小了怎么办！,#布鲁可真希波[话题]# #eva[话题]# #明日香[话题]# #新世纪福音战士[话题]# #二次元[话题]# #真希波[话题]# #模型[话题]#,http://sns-video-bd.xhscdn.com/pre_post/1040g2t031ppo9tsb40004a13aqe33qrvnldaqe8,1765101727000,1765372044000,5a6adc314eacab032a08eb7f,张和平,https://sns-avatar-qc.xhscdn.com/avatar/1040g2jo317ajc4iqjk0g4a13aqe33qrv2bgi6cg,3333,260,31,34,浙江,http://sns-webpic-qc.xhscdn.com/202512142107/331c842038c1dd78727ed0e113bc483d/1040g00831ppo9tsc54004a13aqe33qrvf3h2c98!nd_dft_wlteh_webp_3,"布鲁可真希波,eva,明日香,新世纪福音战士,二次元,真希波,模型",1765717674649,https://www.xiaohongshu.com/explore/6935509f000000001e011ffb?xsec_token=ABDmGfzAZgsd8vEORTRcRtU6CxevtfiSlKM7h1jaOgOn4=&xsec_source=pc_search,布鲁可,ABDmGfzAZgsd8vEORTRcRtU6CxevtfiSlKM7h1jaOgOn4=
67e41696000000001c004ba3,video,假面骑士群星版第3弹！大隐藏漆黑将军！,假面骑士群星版第3弹！大隐藏漆黑将军！白拿彩透无双龙！ ﻿#假面骑士[话题]#﻿ ﻿#玩具[话题]#﻿ ﻿#假面骑士玩具[话题]#﻿ ﻿#布鲁可假面骑士[话题]#﻿ ﻿,http://sns-video-bd.xhscdn.com/spectrum/1040g2f031fgd10kf5u005ncug4jg81o4hoibdn0,1743040875000,1744093999000,5d9e81270000000001000704,奥特曼玩具咔哥,https://sns-avatar-qc.xhscdn.com/avatar/6117638e667bdf8c05028262.jpg,2499,1861,52,120,,http://sns-webpic-qc.xhscdn.com/202512142107/08c3fdfd877c5e1bbbe709418cbaa532/spectrum/1040g0k031fgdbn0mmq005ncug4jg81o4o7f4dlo!nd_dft_wlteh_webp_3,"假面骑士,玩具,假面骑士玩具,布鲁可假面骑士",1765717674651,https://www.xiaohongshu.com/explore/67e41696000000001c004ba3?xsec_token=AB6Zlx1EXFupoBkzkzy__r_rZ0yg547zXQ6AA2B3uKbX4=&xsec_source=pc_search,布鲁可,AB6Zlx1EXFupoBkzkzy__r_rZ0yg547zXQ6AA2B3uKbX4=
6838407c000000002301c5d6,video,擎天柱不是隐藏，我不答应！,自己笔涂一个吧！#大人也要玩玩具[话题]# #模型[话题]# #变形金刚[话题]# #拼装模型[话题]# #布鲁可变形金刚[话题]# #擎天柱[话题]#,http://sns-video-bd.xhscdn.com/pre_post/1040g0cg31i2jv0cq6s005n5ofcf5o0t2o599ato,1748516988000,1748516988000,5cb87b1e00000000170003a2,稀里糊涂,https://sns-avatar-qc.xhscdn.com/avatar/1040g2jo30ofhi5ks2i005n5ofcf5o0t2v3u288o,2411,1737,80,33,,http://sns-webpic-qc.xhscdn.com/202512142107/6798cc82213e8a62a06c6c87a66b046f/1040g00831i2jvg5t6s005n5ofcf5o0t2i3troko!nd_dft_wlteh_webp_3,"大人也要玩玩具,模型,变形金刚,拼装模型,布鲁可变形金刚,擎天柱",1765717674652,https://www.xiaohongshu.com/explore/6838407c000000002301c5d6?xsec_token=ABCwNqsvTNTVI_1cWlFRcvRhXs4UlGDX2sSLHLiJI-q-s=&xsec_source=pc_search,布鲁可,ABCwNqsvTNTVI_1cWlFRcvRhXs4UlGDX2sSLHLiJI-q-s=
693160f6000000000d03cb21,video,如何给乐高小人仔盖上被子,乐高小人仔双人床盖被拼搭小技巧来啦，快去试试吧！#乐高[话题]# #幻影忍者[话题]# #乐高moc[话题]# #乐高幻影忍者[话题]# #积木[话题]# #积木搭建[话题]# #乐高积木[话题]#,http://sns-video-bd.xhscdn.com/spectrum/1040g0jg31plt3degju005o486f9g91vhjfc71vg,1764843766000,1764899607000,608833d300000000010087f1,番茄鱼塘,https://sns-avatar-qc.xhscdn.com/avatar/1040g2jo317c13ojcjq0g5o486f9g91vh7e1t9eo,3.8万,5228,614,1925,浙江,http://sns-webpic-qc.xhscdn.com/202512142109/d3c5274783eadc766846a0bdecce5076/spectrum/1040g0k031plt7fmvju005o486f9g91vhu41v0g0!nd_dft_wlteh_webp_3,"乐高,幻影忍者,乐高moc,乐高幻影忍者,积木,积木搭建,乐高积木",1765717830375,https://www.xiaohongshu.com/explore/693160f6000000000d03cb21?xsec_token=ABc5eTVf02O7vAHwbrnrs46JTQZSnKNFMFbme_2oS0PzU=&xsec_source=pc_search,积木人,ABc5eTVf02O7vAHwbrnrs46JTQZSnKNFMFbme_2oS0PzU=
682deba80000000012007bd5,video,自改欧布闪斩形态换来奥特曼玩具,﻿#奥特曼玩具[话题]#﻿ ﻿#奥特曼积木人[话题]#﻿ ﻿#奥特曼积木[话题]#﻿,http://sns-video-bd.xhscdn.com/spectrum/1040g35031hog8vt2j40g5ncug4jg81o4sjgsk90,1747882857000,1747839913000,5d9e81270000000001000704,奥特曼玩具咔哥,https://sns-avatar-qc.xhscdn.com/avatar/6117638e667bdf8c05028262.jpg,1.8万,8912,254,121,,http://sns-webpic-qc.xhscdn.com/202512142109/4041532b54f086ab89d98fbed2b90391/spectrum/1040g34o31hogrb8u4q0g5ncug4jg81o4i9pol08!nd_dft_wlteh_webp_3,"奥特曼玩具,奥特曼积木人,奥特曼积木",1765717830377,https://www.xiaohongshu.com/explore/682deba80000000012007bd5?xsec_token=AB10oM-KGE_8pUNKOJGS_tRQ0TEALLJvGhXcXJYxr-H8o=&xsec_source=pc_search,积木人,AB10oM-KGE_8pUNKOJGS_tRQ0TEALLJvGhXcXJYxr-H8o=
681dd7800000000012005a05,video,地铁逃生装备7级套的防护性能爆表！！,"今天跟大家分享国产人仔地铁7级套，2块五2个！哈哈这个价格有这样的品质也行了！
#大人也要玩玩具[话题]# #玩具[话题]# #乐高[话题]# #积木[话题]# #和平精英[话题]# #幻影忍者[话题]# #蛋仔派对[话题]# #不一样的保护[话题]#",http://sns-video-bd.xhscdn.com/1040g00g31h8qohavjo005niv2bgg97s1i14ap78,1746786176000,1746786177000,5e5f12e10000000001009f81,USYOU的玩具柜,https://sns-avatar-qc.xhscdn.com/avatar/1040g2jo3102tebia64005niv2bgg97s1ntg8vjg,1.1万,8115,217,133,,http://sns-webpic-qc.xhscdn.com/202512142109/a9494cf741fa896b71eaeeb79eb14d87/1040g2sg31h8qohb13q705niv2bgg97s1t35o8ng!nd_dft_wlteh_webp_3,"大人也要玩玩具,玩具,乐高,积木,和平精英,幻影忍者,蛋仔派对,不一样的保护",1765717830378,https://www.xiaohongshu.com/explore/681dd7800000000012005a05?xsec_token=AB7y8xxW4rH8XD4V32JYHIsjPO27BP7i2h13g1QHuWY74=&xsec_source=pc_search,积木人,AB7y8xxW4rH8XD4V32JYHIsjPO27BP7i2h13g1QHuWY74=
68a371f1000000001d0180bf,video,奥特曼15弹积木人，七彩艾克斯混合装甲,奥特曼15弹积木人，七彩艾克斯混合装甲，神秘四奥诺亚全形态#玩具[话题]# #奥特曼[话题]# #积木人[话题]# #积木[话题]##布鲁可奥特曼[话题]#,http://sns-video-bd.xhscdn.com/spectrum/1040g2f031lb9k14al2005ogdtmhoc61id4dj0ko,1755732660000,1756454451000,620deda30000000021021832,爱玩具的大成,https://sns-avatar-qc.xhscdn.com/avatar/1040g2jo31l5tn5ur4q005ogdtmhoc61iucb699o,1万,7556,292,182,,http://sns-webpic-qc.xhscdn.com/202512142109/8f54a141ff5391a8b8b5a8a629f156ab/spectrum/1040g0k031lb9s26mkq005ogdtmhoc61i6g72eqo!nd_dft_wlteh_webp_3,"玩具,奥特曼,积木人,积木,布鲁可奥特曼",1765717830380,https://www.xiaohongshu.com/explore/68a371f1000000001d0180bf?xsec_token=ABXAkJMtev-_-gcCDCeve-_s5kvvlTpEKkEIm3e_eGt5Y=&xsec_source=pc_search,积木人,ABXAkJMtev-_-gcCDCeve-_s5kvvlTpEKkEIm3e_eGt5Y=
6872417a0000000017034a19,video,这些乐高小人仔99%都很稀有,﻿#乐高稀有人仔[话题]#﻿ ﻿#乐高人仔[话题]#﻿ ﻿#反浩克装甲[话题]#﻿ ﻿#乐高漫威超级英雄[话题]#﻿ ﻿#潮玩[话题]#﻿ ﻿#小红书手工友好季[话题]#﻿,http://sns-video-bd.xhscdn.com/spectrum/1040g35031jr8giq7480g5navkvbg85pbhhorop8,1752318330000,1752318330000,5d5fa7d7000000000100172b,有趣砖块,https://sns-avatar-qc.xhscdn.com/avatar/1040g2jo30tgb84qaks005navkvbg85pbisl7ek8,9859,6965,62,121,,http://sns-webpic-qc.xhscdn.com/202512142109/bc7da0824998b4ae329299467758a044/spectrum/1040g0k031jr8n3dc3q005navkvbg85pb8fu2p7g!nd_dft_wlteh_webp_3,"乐高稀有人仔,乐高人仔,反浩克装甲,乐高漫威超级英雄,潮玩,小红书手工友好季",1765717830381,https://www.xiaohongshu.com/explore/6872417a0000000017034a19?xsec_token=ABp38S9tgZ6INSIOBsBrRLxzpN0491RQ44rpxK7PZ7wHg=&xsec_source=pc_search,积木人,ABp38S9tgZ6INSIOBsBrRLxzpN0491RQ44rpxK7PZ7wHg=
68bd8130000000001c036855,video,太离谱了！乐高的最大倒退！,#乐高冷知识[话题]#  #百科知识[话题]#  #乐高积木[话题]#  #乐高人仔[话题]#  #乐高套装[话题]#,http://sns-video-bd.xhscdn.com/spectrum/1040g35031m4o0jl7ku0g5navkvbg85pbo3jb1m0,1757412237000,1757312672000,5d5fa7d7000000000100172b,有趣砖块,https://sns-avatar-qc.xhscdn.com/avatar/1040g2jo30tgb84qaks005navkvbg85pbisl7ek8,8982,3449,305,678,,http://sns-webpic-qc.xhscdn.com/202512142109/3388a19e8a2850af309f1f43f3668ad4/spectrum/1040g34o31m4o7rm3kq105navkvbg85pb78grvt8!nd_dft_wlteh_webp_3,"乐高冷知识,百科知识,乐高积木,乐高人仔,乐高套装",1765717830382,https://www.xiaohongshu.com/explore/68bd8130000000001c036855?xsec_token=ABdM9HdAMhyCqH053HXMzq4zZp1MDAZwX5HlTErvoFdx8=&xsec_source=pc_search,积木人,ABdM9HdAMhyCqH053HXMzq4zZp1MDAZwX5HlTErvoFdx8=
6745cf600000000002038144,video,乐高创意故事：从疯狂的乐高监狱里逃出来,﻿#积木[话题]#﻿ ﻿#乐高[话题]#﻿ ﻿#乐高moc[话题]#﻿ ﻿#创意故事[话题]#﻿ ﻿#玩具[话题]#﻿ ﻿#头号玩家[话题]#﻿ ﻿#潮玩[话题]#﻿,http://sns-video-bd.xhscdn.com/spectrum/1040g0jg31alrgd426q005navkvbg85pb6pe5qeo,1732701728000,1732628321000,5d5fa7d7000000000100172b,有趣砖块,https://sns-avatar-qc.xhscdn.com/avatar/1040g2jo30tgb84qaks005navkvbg85pbisl7ek8,8419,6469,51,214,,http://sns-webpic-qc.xhscdn.com/202512142109/cb7287f9d62ee0fa7b8a4e4313ea4ce2/spectrum/1040g0k031alrpj4tmo005navkvbg85pbqmq2ucg!nd_dft_wlteh_webp_3,"积木,乐高,乐高moc,创意故事,玩具,头号玩家,潮玩",1765717830383,https://www.xiaohongshu.com/explore/6745cf600000000002038144?xsec_token=AB1y2psaSQ1eIpeUgv4h-oMdyz9meelE6nLiGY7lXxCj0=&xsec_source=pc_search,积木人,AB1y2psaSQ1eIpeUgv4h-oMdyz9meelE6nLiGY7lXxCj0=
69198c69000000001b0305e9,video,史上最矮的乐高人仔！,#乐高人仔[话题]#  #乐高[话题]#  #积木[话题]#  #大人也要玩玩具[话题]#,http://sns-video-bd.xhscdn.com/spectrum/1040g35831oukib7f12105navkvbg85pbuujip38,1763292614000,1763282026000,5d5fa7d7000000000100172b,有趣砖块,https://sns-avatar-qc.xhscdn.com/avatar/1040g2jo30tgb84qaks005navkvbg85pbisl7ek8,8100,2459,137,325,北京,http://sns-webpic-qc.xhscdn.com/202512142109/019ed6c1f40f29fde2c56bd5a83fdc80/spectrum/1040g34o31oukjl5d14105navkvbg85pbrkgrbsg!nd_dft_wlteh_webp_3,"乐高人仔,乐高,积木,大人也要玩玩具",1765717830384,https://www.xiaohongshu.com/explore/69198c69000000001b0305e9?xsec_token=AB4zRmntKIq2dO7f6qRc4zUJJlIkKpcNj3ic7oeCdhiSo=&xsec_source=pc_search,积木人,AB4zRmntKIq2dO7f6qRc4zUJJlIkKpcNj3ic7oeCdhiSo=
6917df960000000004004c64,video,世界上最小的乐高人仔到底有多小？,#乐高人仔[话题]# #玩了个很新的东西[话题]# #冷知识[话题]# #积木[话题]# #兴趣友好计划[话题]#,http://sns-video-bd.xhscdn.com/spectrum/1040g0jg31ot06sgf14005navkvbg85pb25km4ug,1763172246000,1763172247000,5d5fa7d7000000000100172b,有趣砖块,https://sns-avatar-qc.xhscdn.com/avatar/1040g2jo30tgb84qaks005navkvbg85pbisl7ek8,7702,4763,45,114,北京,http://sns-webpic-qc.xhscdn.com/202512142109/af569358940a60ceaa2f35800a3c2678/spectrum/1040g34o31ot082v6hu105navkvbg85pbp2kmtao!nd_dft_wlteh_webp_3,"乐高人仔,玩了个很新的东西,冷知识,积木,兴趣友好计划",1765717830385,https://www.xiaohongshu.com/explore/6917df960000000004004c64?xsec_token=ABeg_ewcgoXdESu38lZ-ANx-tGPxNtcmTJURL3qTgDh9k=&xsec_source=pc_search,积木人,ABeg_ewcgoXdESu38lZ-ANx-tGPxNtcmTJURL3qTgDh9k=
67b1421e000000001902fb3b,video,乐高漫威：用乐高积木打造美国队长的故事,﻿#乐高积木[话题]#﻿ ﻿#IP大作战[话题]#﻿ ﻿#玩具[话题]#﻿ ﻿#乐高moc[话题]#﻿ ﻿#乐高搭建[话题]#﻿ ﻿#潮玩[话题]#﻿ ﻿#硬核作者出圈计划[话题]#﻿ ﻿#美国队长[话题]#﻿ ﻿#漫威[话题]#﻿ ﻿#复仇者联盟[话题]#﻿,http://sns-video-bd.xhscdn.com/spectrum/1040g35031dup46np080g5navkvbg85pbgjml12g,1739670046000,1739670047000,5d5fa7d7000000000100172b,有趣砖块,https://sns-avatar-qc.xhscdn.com/avatar/1040g2jo30tgb84qaks005navkvbg85pbisl7ek8,7577,5644,76,197,,http://sns-webpic-qc.xhscdn.com/202512142110/dac3267f81bee7e0078967f0fc264b6d/spectrum/1040g0k031dup5tgngc705navkvbg85pbjqene1g!nd_dft_wlteh_webp_3,"乐高积木,IP大作战,玩具,乐高moc,乐高搭建,潮玩,硬核作者出圈计划,美国队长,漫威,复仇者联盟",1765717830387,https://www.xiaohongshu.com/explore/67b1421e000000001902fb3b?xsec_token=AB20vGnkYQuYsAcINYBpLvnUum9K3FGrSEHne70f2Q8wM=&xsec_source=pc_search,积木人,AB20vGnkYQuYsAcINYBpLvnUum9K3FGrSEHne70f2Q8wM=
68fd5bb50000000005013f39,video,1至100级诅咒乐高迷你人物-50级,#乐高人仔[话题]# #乐高我的世界[话题]#  #MC[话题]# #从你的周边到你的周边[话题]# #兴趣友好计划[话题]# #玩了个很新的东西[话题]#  #人偶[话题]#,http://sns-video-bd.xhscdn.com/spectrum/1040g0jg31o33gblol0005navkvbg85pbemub2p0,1761434549000,1761434549000,5d5fa7d7000000000100172b,有趣砖块,https://sns-avatar-qc.xhscdn.com/avatar/1040g2jo30tgb84qaks005navkvbg85pbisl7ek8,6953,4958,86,133,,http://sns-webpic-qc.xhscdn.com/202512142110/98ea8a9100b3a5ae1ad601cc39904728/spectrum/1040g34o31o33kiih52105navkvbg85pbvvflomg!nd_dft_wlteh_webp_3,"乐高人仔,乐高我的世界,MC,从你的周边到你的周边,兴趣友好计划,玩了个很新的东西,人偶",1765717830388,https://www.xiaohongshu.com/explore/68fd5bb50000000005013f39?xsec_token=ABTTlybA7t3-XEyrxPtkbmJMMtYXiDA8WVYJ2uvbxO14M=&xsec_source=pc_search,积木人,ABTTlybA7t3-XEyrxPtkbmJMMtYXiDA8WVYJ2uvbxO14M=
6822b03e000000000303b53a,video,变形金刚13天元钛师父，合体擎天柱威震天,变形金刚13天元钛师父，合体擎天柱威震天，手撕御天敌  ﻿#玩具[话题]#﻿  ﻿#变形金刚[话题]#﻿ ﻿#布鲁可积木人[话题]#﻿ ﻿#布鲁可变形金刚[话题]#﻿ ﻿#布鲁可BFC[话题]#﻿,http://sns-video-bd.xhscdn.com/spectrum/1040g2f031hdi759m3a005ogdtmhoc61iqtkea68,1747103806000,1747899925000,620deda30000000021021832,爱玩具的大成,https://sns-avatar-qc.xhscdn.com/avatar/1040g2jo31l5tn5ur4q005ogdtmhoc61iucb699o,6145,4771,64,75,,http://sns-webpic-qc.xhscdn.com/202512142110/22f18a1476149657e51e0330985ea806/spectrum/1040g0k031hdi866qj4005ogdtmhoc61ietfbjmo!nd_dft_wlteh_webp_3,"玩具,变形金刚,布鲁可积木人,布鲁可变形金刚,布鲁可BFC",1765717830389,https://www.xiaohongshu.com/explore/6822b03e000000000303b53a?xsec_token=ABFy3Efvgg-ACdlGx8_190EJO3jbzOnhCF9c6W1gOgl2U=&xsec_source=pc_search,积木人,ABFy3Efvgg-ACdlGx8_190EJO3jbzOnhCF9c6W1gOgl2U=
65e931be0000000004002f3f,video,用自改的积木人换来熊出没盲盒和奥特曼玩具,用自改的积木人换玩具，换来熊出没盲盒和奥特曼玩具，太好玩了 #潮流玩具[话题]#  #我的玩具分享[话题]#  #大人也要玩玩具[话题]#  #儿童玩具[话题]#  #奥特曼卡片[话题]#  #奥特曼卡牌[话题]#  #拆卡[话题]#  #玩具开箱[话题]#,http://sns-video-bd.xhscdn.com/spectrum/1040g3503101dep8hm2005ncug4jg81o41jrvt9g,1709781438000,1709781438000,5d9e81270000000001000704,奥特曼玩具咔哥,https://sns-avatar-qc.xhscdn.com/avatar/6117638e667bdf8c05028262.jpg,6092,3794,165,12,,http://sns-webpic-qc.xhscdn.com/202512142110/0d013021d072c0ab00a49aac900f743f/spectrum/1040g0k03101dhcbd60005ncug4jg81o4i00hfb0!nd_dft_wgth_webp_3,"潮流玩具,我的玩具分享,大人也要玩玩具,儿童玩具,奥特曼卡片,奥特曼卡牌,拆卡,玩具开箱",1765717830391,https://www.xiaohongshu.com/explore/65e931be0000000004002f3f?xsec_token=AB_KrbDRltjg830tH-TTa8OvZBTQsqL2BHwYeLro--_9U=&xsec_source=pc_search,积木人,AB_KrbDRltjg830tH-TTa8OvZBTQsqL2BHwYeLro--_9U=
65ac712d000000002d03be85,video,抽荣耀版23弹奥特曼卡片，大隐藏幻彩积木人,抽荣耀版23弹奥特曼卡片，大隐藏泽塔幻彩积木人，帅到爆炸 #玩具[话题]#  #奥特曼玩具[话题]#  #盲盒[话题]#,http://sns-video-bd.xhscdn.com/spectrum/1040g0jg30u630l1i5c005ogdtmhoc61iqmn185g,1705799981000,1705799982000,620deda30000000021021832,爱玩具的大成,https://sns-avatar-qc.xhscdn.com/avatar/1040g2jo31l5tn5ur4q005ogdtmhoc61iucb699o,5837,4052,70,22,,http://sns-webpic-qc.xhscdn.com/202512142110/06144436a85c862eda9d5c8eb9d711ca/spectrum/1040g0k030u6312j1l4005ogdtmhoc61igufvjeo!nd_dft_wgth_webp_3,"玩具,奥特曼玩具,盲盒",1765717830393,https://www.xiaohongshu.com/explore/65ac712d000000002d03be85?xsec_token=ABJ1kKzw1z8RCt7HT8IAj-Nzrkvxj904Lp_MJVeOrpDq4=&xsec_source=pc_search,积木人,ABJ1kKzw1z8RCt7HT8IAj-Nzrkvxj904Lp_MJVeOrpDq4=
687ba3350000000013011860,video,在迷你人仔模型上测试乐高武器,﻿#积木武器[话题]#﻿  ﻿#乐高人仔[话题]#﻿  ﻿#搞笑[话题]#﻿  ﻿#大人也要玩玩具[话题]#﻿  ﻿#解压视频[话题]#﻿  ﻿#小红书手工友好季[话题]#﻿,http://sns-video-bd.xhscdn.com/spectrum/1040g2f031k4dlfm52a005navkvbg85pbvkcdnjo,1753005906000,1753005906000,5d5fa7d7000000000100172b,有趣砖块,https://sns-avatar-qc.xhscdn.com/avatar/1040g2jo30tgb84qaks005navkvbg85pbisl7ek8,5800,5314,67,136,,http://sns-webpic-qc.xhscdn.com/202512142110/57706072d93b6098d871d7b3c0a84931/spectrum/1040g0k031k4dso0s3q005navkvbg85pbq1tcrao!nd_dft_wlteh_webp_3,"积木武器,乐高人仔,搞笑,大人也要玩玩具,解压视频,小红书手工友好季",1765717830394,https://www.xiaohongshu.com/explore/687ba3350000000013011860?xsec_token=ABB8D1iFizssc33m7Q3BcxLqyvXrerECXda3wPPuJosTE=&xsec_source=pc_search,积木人,ABB8D1iFizssc33m7Q3BcxLqyvXrerECXda3wPPuJosTE=
689b4ed5000000001b032e38,video,乐高《我的世界》，但它被诅咒了！,#我的世界[话题]# #小红书手工友好季[话题]#  #乐高moc[话题]#  #自制动画[话题]#  #二次元[话题]#  #搞笑动画[话题]#,http://sns-video-bd.xhscdn.com/spectrum/1040g2f031l3b5ivhjq005navkvbg85pb7ufdkjg,1755079363000,1755008725000,5d5fa7d7000000000100172b,有趣砖块,https://sns-avatar-qc.xhscdn.com/avatar/1040g2jo30tgb84qaks005navkvbg85pbisl7ek8,5784,4453,65,90,,http://sns-webpic-qc.xhscdn.com/202512142110/fbcc73b17d0686254181a8021845889a/spectrum/1040g34o31l3bj2qlia105navkvbg85pb4adg0c8!nd_dft_wlteh_webp_3,"我的世界,小红书手工友好季,乐高moc,自制动画,二次元,搞笑动画",1765717830395,https://www.xiaohongshu.com/explore/689b4ed5000000001b032e38?xsec_token=ABr5OLCeNWzETML_lZYsU5QMhd9oglRRauaLzx1UQUg6E=&xsec_source=pc_search,积木人,ABr5OLCeNWzETML_lZYsU5QMhd9oglRRauaLzx1UQUg6E=
68122318000000002001e86b,video,如何用乐高在“世界末日”中生存下来！,﻿#末日求生[话题]#﻿ ﻿#乐高城市大冒险[话题]#﻿ ﻿#乐高搭建[话题]#﻿ ﻿#乐高挑战[话题]#﻿ ﻿#乐高moc[话题]#﻿,http://sns-video-bd.xhscdn.com/spectrum/1040g35031gtcqgasja105navkvbg85pbk8ea1fo,1746154878000,1746019097000,5d5fa7d7000000000100172b,有趣砖块,https://sns-avatar-qc.xhscdn.com/avatar/1040g2jo30tgb84qaks005navkvbg85pbisl7ek8,5443,4641,52,131,,http://sns-webpic-qc.xhscdn.com/202512142110/551b634d9a2164bcd9fa4f1461c2325c/spectrum/1040g34o31gtd0jt4j80g5navkvbg85pbhcbiipo!nd_dft_wlteh_webp_3,"末日求生,乐高城市大冒险,乐高搭建,乐高挑战,乐高moc",1765717830397,https://www.xiaohongshu.com/explore/68122318000000002001e86b?xsec_token=ABokExN33_65taEVOWSd3pIFV4Rmm8iJd8bwWDcrtEDdY=&xsec_source=pc_search,积木人,ABokExN33_65taEVOWSd3pIFV4Rmm8iJd8bwWDcrtEDdY=
673367fe000000001b02bd08,video,太残忍！乐高小人仔的生命力极限测试,太残忍！乐高小人仔的生命力极限测试 #乐高[话题]# #积木[话题]# #乐高人仔[话题]# #测试[话题]# #创意[话题]# #有趣[话题]##头号玩家[话题]# #潮玩[话题]#,http://sns-video-bd.xhscdn.com/spectrum/1040g35831a3sjiqbng0g5navkvbg85pbhl1923o,1731492199000,1732141955000,5d5fa7d7000000000100172b,有趣砖块,https://sns-avatar-qc.xhscdn.com/avatar/1040g2jo30tgb84qaks005navkvbg85pbisl7ek8,5129,3891,66,87,,http://sns-webpic-qc.xhscdn.com/202512142110/3ea568143f0916f479b1a2ce11614524/spectrum/1040g0k031a3sm1157e005navkvbg85pbsa0m4eg!nd_dft_wlteh_webp_3,"乐高,积木,乐高人仔,测试,创意,有趣,头号玩家,潮玩",1765717830416,https://www.xiaohongshu.com/explore/673367fe000000001b02bd08?xsec_token=AB1yzIrqTPicWolQZNB_E-vs_6nXDTnQx029K--svjty8=&xsec_source=pc_search,积木人,AB1yzIrqTPicWolQZNB_E-vs_6nXDTnQx029K--svjty8=
6905427c000000000301ab14,video,万圣节来了！史上最怪异、最诡异的乐高作品,#万圣节[话题]#  #乐高人仔[话题]#  #乐高积木[话题]#  #诡异[话题]# #乐高moc[话题]# #积木搭建[话题]#,http://sns-video-bd.xhscdn.com/spectrum/1040g2f031oaqellu4u005navkvbg85pbblirib0,1761952380000,1761952380000,5d5fa7d7000000000100172b,有趣砖块,https://sns-avatar-qc.xhscdn.com/avatar/1040g2jo30tgb84qaks005navkvbg85pbisl7ek8,4921,4090,73,145,,http://sns-webpic-qc.xhscdn.com/202512142110/9adccf4afa277b627e88907d2c36ef4b/spectrum/1040g34o31oaqi9154q105navkvbg85pb5e1vu4o!nd_dft_wlteh_webp_3,"万圣节,乐高人仔,乐高积木,诡异,乐高moc,积木搭建",1765717830417,https://www.xiaohongshu.com/explore/6905427c000000000301ab14?xsec_token=ABTboyrx8h199YMllDlfswg3OhjrKB7kY-Lp3WR29kncI=&xsec_source=pc_search,积木人,ABTboyrx8h199YMllDlfswg3OhjrKB7kY-Lp3WR29kncI=
68fcad9c0000000003034470,video,拼个迷你版乐高声波,乐高变形金刚声波开箱，但是迷你版。个人兴趣分享，用乐高积木搭建，但不是乐高套装哈。#手工友人成长计划[话题]# #乐高[话题]# #乐高积木[话题]# #乐高变形金刚[话题]# #变形金刚[话题]# @手工薯,http://sns-video-bd.xhscdn.com/spectrum/1040g0jg31o2e3vmsl0005o486f9g91vhid26ido,1761389980000,1761389981000,608833d300000000010087f1,番茄鱼塘,https://sns-avatar-qc.xhscdn.com/avatar/1040g2jo317c13ojcjq0g5o486f9g91vh7e1t9eo,4642,4249,211,148,,http://sns-webpic-qc.xhscdn.com/202512142110/6fa355335cb84871676dc7ac5c8bfbec/spectrum/1040g34o31o2e74l9kq005o486f9g91vhfa9q5l8!nd_dft_wlteh_webp_3,"手工友人成长计划,乐高,乐高积木,乐高变形金刚,变形金刚",1765717830419,https://www.xiaohongshu.com/explore/68fcad9c0000000003034470?xsec_token=ABrTe0SfyIbRfp3LVSxlz9pY0q7ttxhWXNLScvARYsm-M=&xsec_source=pc_search,积木人,ABrTe0SfyIbRfp3LVSxlz9pY0q7ttxhWXNLScvARYsm-M=
